<?xml version="1.0" encoding="UTF-8"?>
<beans xmlns="http://www.springframework.org/schema/beans"
	xmlns:xsi="http://www.w3.org/2001/XMLSchema-instance"
	xmlns:context="http://www.springframework.org/schema/context"
	xsi:schemaLocation="http://www.springframework.org/schema/beans
		https://www.springframework.org/schema/beans/spring-beans.xsd
		http://www.springframework.org/schema/context
		https://www.springframework.org/schema/context/spring-context.xsd">

	<context:component-scan base-package="com.bofa.training.beans"/>
<bean id="cust1" class="com.bofa.training.beans.Customer">
    <property name="id" value="5001"></property>
    <property name="name" value="Surya"></property>
    </bean>
 <bean id="cust2" class="com.bofa.training.beans.Customer">
    <property name="id" value="5002"></property>
    <property name="name" value="Akash"></property>
    </bean>
</beans>